H_min,split,method,coverage,missed_danger,false_safe,usable,seed,eta
5,test,point,0.4818,0.0196,0.0042,0.9946,0,0.0200
5,test,split_cp,0.9591,0.0040,0.0009,0.9534,0,0.0200
5,test,aci,0.9498,0.0021,0.0005,0.6967,0,0.0200
5,test,aci_reset,0.9670,0.0055,0.0012,0.7464,0,0.0200
5,test,aci_rc,0.9592,0.0070,0.0015,0.9736,0,0.0200
5,test,qt,0.9497,0.0067,0.0015,0.9005,0,0.0200
5,test,norm_cp,0.9543,0.0058,0.0013,0.9673,0,0.0200
5,test,norm_aci,0.9579,0.0067,0.0015,0.9649,0,0.0200
5,test,norm_qt,0.9531,0.0046,0.0010,0.9601,0,0.0200
5,shift,point,0.4215,0.0962,0.0331,0.9910,0,0.0200
5,shift,split_cp,0.7908,0.0624,0.0215,0.9597,0,0.0200
5,shift,aci,0.9502,0.0081,0.0028,0.3173,0,0.0200
5,shift,aci_reset,0.9272,0.0223,0.0077,0.5418,0,0.0200
5,shift,aci_rc,0.8678,0.0389,0.0134,0.9331,0,0.0200
5,shift,qt,0.9479,0.0259,0.0089,0.6408,0,0.0200
5,shift,norm_cp,0.7888,0.0515,0.0177,0.9581,0,0.0200
5,shift,norm_aci,0.8657,0.0373,0.0128,0.9158,0,0.0200
5,shift,norm_qt,0.9310,0.0234,0.0081,0.7214,0,0.0200
10,test,point,0.4734,0.0304,0.0067,0.9910,0,0.0200
10,test,split_cp,0.9569,0.0070,0.0015,0.9374,0,0.0200
10,test,aci,0.9477,0.0037,0.0008,0.6029,0,0.0200
10,test,aci_reset,0.9632,0.0170,0.0037,0.7428,0,0.0200
10,test,aci_rc,0.9535,0.0170,0.0037,0.9481,0,0.0200
10,test,qt,0.9495,0.0020,0.0004,0.7877,0,0.0200
10,test,norm_cp,0.9481,0.0153,0.0034,0.9652,0,0.0200
10,test,norm_aci,0.9477,0.0160,0.0035,0.9451,0,0.0200
10,test,norm_qt,0.9515,0.0123,0.0027,0.9431,0,0.0200
10,shift,point,0.3856,0.1419,0.0523,0.9918,0,0.0200
10,shift,split_cp,0.7592,0.1159,0.0427,0.9519,0,0.0200
10,shift,aci,0.9490,0.0205,0.0075,0.1979,0,0.0200
10,shift,aci_reset,0.8684,0.0596,0.0219,0.6139,0,0.0200
10,shift,aci_rc,0.8124,0.0824,0.0304,0.9053,0,0.0200
10,shift,qt,0.9461,0.0313,0.0115,0.4291,0,0.0200
10,shift,norm_cp,0.7474,0.1087,0.0401,0.9549,0,0.0200
10,shift,norm_aci,0.8207,0.0848,0.0312,0.8553,0,0.0200
10,shift,norm_qt,0.9135,0.0546,0.0201,0.5173,0,0.0200
20,test,point,0.4512,0.0399,0.0092,0.9909,0,0.0200
20,test,split_cp,0.9414,0.0024,0.0006,0.9318,0,0.0200
20,test,aci,0.9505,0.0061,0.0014,0.2704,0,0.0200
20,test,aci_reset,0.9552,0.0134,0.0031,0.8394,0,0.0200
20,test,aci_rc,0.9507,0.0134,0.0031,0.9245,0,0.0200
20,test,qt,0.9493,0.0024,0.0006,0.6422,0,0.0200
20,test,norm_cp,0.9254,0.0195,0.0045,0.9462,0,0.0200
20,test,norm_aci,0.9266,0.0216,0.0050,0.9472,0,0.0200
20,test,norm_qt,0.9405,0.0151,0.0035,0.9006,0,0.0200
20,shift,point,0.3125,0.2353,0.0985,0.9915,0,0.0200
20,shift,split_cp,0.7007,0.1950,0.0817,0.9143,0,0.0200
20,shift,aci,0.9486,0.0090,0.0038,0.1709,0,0.0200
20,shift,aci_reset,0.7595,0.1561,0.0653,0.7754,0,0.0200
20,shift,aci_rc,0.7358,0.1830,0.0766,0.8882,0,0.0200
20,shift,qt,0.9432,0.0367,0.0154,0.2519,0,0.0200
20,shift,norm_cp,0.6540,0.2007,0.0840,0.9142,0,0.0200
20,shift,norm_aci,0.6946,0.1793,0.0750,0.8556,0,0.0200
20,shift,norm_qt,0.8735,0.0897,0.0375,0.4620,0,0.0200
5,test,point,0.4818,0.0196,0.0042,0.9946,0,0.0500
5,test,split_cp,0.9591,0.0040,0.0009,0.9534,0,0.0500
5,test,aci,0.9498,0.0021,0.0005,0.6967,0,0.0500
5,test,aci_reset,0.9670,0.0055,0.0012,0.7464,0,0.0500
5,test,aci_rc,0.9592,0.0070,0.0015,0.9736,0,0.0500
5,test,qt,0.9501,0.0003,0.0001,0.7679,0,0.0500
5,test,norm_cp,0.9543,0.0058,0.0013,0.9673,0,0.0500
5,test,norm_aci,0.9579,0.0067,0.0015,0.9649,0,0.0500
5,test,norm_qt,0.9522,0.0028,0.0006,0.9554,0,0.0500
5,shift,point,0.4215,0.0962,0.0331,0.9910,0,0.0500
5,shift,split_cp,0.7908,0.0624,0.0215,0.9597,0,0.0500
5,shift,aci,0.9502,0.0081,0.0028,0.3173,0,0.0500
5,shift,aci_reset,0.9272,0.0223,0.0077,0.5418,0,0.0500
5,shift,aci_rc,0.8678,0.0389,0.0134,0.9331,0,0.0500
5,shift,qt,0.9493,0.0233,0.0080,0.5307,0,0.0500
5,shift,norm_cp,0.7888,0.0515,0.0177,0.9581,0,0.0500
5,shift,norm_aci,0.8657,0.0373,0.0128,0.9158,0,0.0500
5,shift,norm_qt,0.9412,0.0195,0.0067,0.6577,0,0.0500
10,test,point,0.4734,0.0304,0.0067,0.9910,0,0.0500
10,test,split_cp,0.9569,0.0070,0.0015,0.9374,0,0.0500
10,test,aci,0.9477,0.0037,0.0008,0.6029,0,0.0500
10,test,aci_reset,0.9632,0.0170,0.0037,0.7428,0,0.0500
10,test,aci_rc,0.9535,0.0170,0.0037,0.9481,0,0.0500
10,test,qt,0.9477,0.0020,0.0004,0.5766,0,0.0500
10,test,norm_cp,0.9481,0.0153,0.0034,0.9652,0,0.0500
10,test,norm_aci,0.9477,0.0160,0.0035,0.9451,0,0.0500
10,test,norm_qt,0.9517,0.0040,0.0009,0.9238,0,0.0500
10,shift,point,0.3856,0.1419,0.0523,0.9918,0,0.0500
10,shift,split_cp,0.7592,0.1159,0.0427,0.9519,0,0.0500
10,shift,aci,0.9490,0.0205,0.0075,0.1979,0,0.0500
10,shift,aci_reset,0.8684,0.0596,0.0219,0.6139,0,0.0500
10,shift,aci_rc,0.8124,0.0824,0.0304,0.9053,0,0.0500
10,shift,qt,0.9487,0.0390,0.0144,0.3484,0,0.0500
10,shift,norm_cp,0.7474,0.1087,0.0401,0.9549,0,0.0500
10,shift,norm_aci,0.8207,0.0848,0.0312,0.8553,0,0.0500
10,shift,norm_qt,0.9331,0.0450,0.0166,0.4448,0,0.0500
20,test,point,0.4512,0.0399,0.0092,0.9909,0,0.0500
20,test,split_cp,0.9414,0.0024,0.0006,0.9318,0,0.0500
20,test,aci,0.9505,0.0061,0.0014,0.2704,0,0.0500
20,test,aci_reset,0.9552,0.0134,0.0031,0.8394,0,0.0500
20,test,aci_rc,0.9507,0.0134,0.0031,0.9245,0,0.0500
20,test,qt,0.9493,0.0028,0.0007,0.3873,0,0.0500
20,test,norm_cp,0.9254,0.0195,0.0045,0.9462,0,0.0500
20,test,norm_aci,0.9266,0.0216,0.0050,0.9472,0,0.0500
20,test,norm_qt,0.9439,0.0053,0.0012,0.8542,0,0.0500
20,shift,point,0.3125,0.2353,0.0985,0.9915,0,0.0500
20,shift,split_cp,0.7007,0.1950,0.0817,0.9143,0,0.0500
20,shift,aci,0.9486,0.0090,0.0038,0.1709,0,0.0500
20,shift,aci_reset,0.7595,0.1561,0.0653,0.7754,0,0.0500
20,shift,aci_rc,0.7358,0.1830,0.0766,0.8882,0,0.0500
20,shift,qt,0.9450,0.0349,0.0146,0.1546,0,0.0500
20,shift,norm_cp,0.6540,0.2007,0.0840,0.9142,0,0.0500
20,shift,norm_aci,0.6946,0.1793,0.0750,0.8556,0,0.0500
20,shift,norm_qt,0.9087,0.0517,0.0217,0.3129,0,0.0500
5,test,point,0.4818,0.0196,0.0042,0.9946,0,0.1000
5,test,split_cp,0.9591,0.0040,0.0009,0.9534,0,0.1000
5,test,aci,0.9498,0.0021,0.0005,0.6967,0,0.1000
5,test,aci_reset,0.9670,0.0055,0.0012,0.7464,0,0.1000
5,test,aci_rc,0.9592,0.0070,0.0015,0.9736,0,0.1000
5,test,qt,0.9484,0.0125,0.0027,0.5556,0,0.1000
5,test,norm_cp,0.9543,0.0058,0.0013,0.9673,0,0.1000
5,test,norm_aci,0.9579,0.0067,0.0015,0.9649,0,0.1000
5,test,norm_qt,0.9514,0.0021,0.0005,0.9514,0,0.1000
5,shift,point,0.4215,0.0962,0.0331,0.9910,0,0.1000
5,shift,split_cp,0.7908,0.0624,0.0215,0.9597,0,0.1000
5,shift,aci,0.9502,0.0081,0.0028,0.3173,0,0.1000
5,shift,aci_reset,0.9272,0.0223,0.0077,0.5418,0,0.1000
5,shift,aci_rc,0.8678,0.0389,0.0134,0.9331,0,0.1000
5,shift,qt,0.9499,0.0193,0.0067,0.4050,0,0.1000
5,shift,norm_cp,0.7888,0.0515,0.0177,0.9581,0,0.1000
5,shift,norm_aci,0.8657,0.0373,0.0128,0.9158,0,0.1000
5,shift,norm_qt,0.9446,0.0194,0.0067,0.6354,0,0.1000
10,test,point,0.4734,0.0304,0.0067,0.9910,0,0.1000
10,test,split_cp,0.9569,0.0070,0.0015,0.9374,0,0.1000
10,test,aci,0.9477,0.0037,0.0008,0.6029,0,0.1000
10,test,aci_reset,0.9632,0.0170,0.0037,0.7428,0,0.1000
10,test,aci_rc,0.9535,0.0170,0.0037,0.9481,0,0.1000
10,test,qt,0.9482,0.0043,0.0010,0.2993,0,0.1000
10,test,norm_cp,0.9481,0.0153,0.0034,0.9652,0,0.1000
10,test,norm_aci,0.9477,0.0160,0.0035,0.9451,0,0.1000
10,test,norm_qt,0.9504,0.0020,0.0004,0.9137,0,0.1000
10,shift,point,0.3856,0.1419,0.0523,0.9918,0,0.1000
10,shift,split_cp,0.7592,0.1159,0.0427,0.9519,0,0.1000
10,shift,aci,0.9490,0.0205,0.0075,0.1979,0,0.1000
10,shift,aci_reset,0.8684,0.0596,0.0219,0.6139,0,0.1000
10,shift,aci_rc,0.8124,0.0824,0.0304,0.9053,0,0.1000
10,shift,qt,0.9485,0.0268,0.0099,0.1919,0,0.1000
10,shift,norm_cp,0.7474,0.1087,0.0401,0.9549,0,0.1000
10,shift,norm_aci,0.8207,0.0848,0.0312,0.8553,0,0.1000
10,shift,norm_qt,0.9411,0.0412,0.0152,0.4022,0,0.1000
20,test,point,0.4512,0.0399,0.0092,0.9909,0,0.1000
20,test,split_cp,0.9414,0.0024,0.0006,0.9318,0,0.1000
20,test,aci,0.9505,0.0061,0.0014,0.2704,0,0.1000
20,test,aci_reset,0.9552,0.0134,0.0031,0.8394,0,0.1000
20,test,aci_rc,0.9507,0.0134,0.0031,0.9245,0,0.1000
20,test,qt,0.9450,0.0024,0.0006,0.3473,0,0.1000
20,test,norm_cp,0.9254,0.0195,0.0045,0.9462,0,0.1000
20,test,norm_aci,0.9266,0.0216,0.0050,0.9472,0,0.1000
20,test,norm_qt,0.9492,0.0024,0.0006,0.8462,0,0.1000
20,shift,point,0.3125,0.2353,0.0985,0.9915,0,0.1000
20,shift,split_cp,0.7007,0.1950,0.0817,0.9143,0,0.1000
20,shift,aci,0.9486,0.0090,0.0038,0.1709,0,0.1000
20,shift,aci_reset,0.7595,0.1561,0.0653,0.7754,0,0.1000
20,shift,aci_rc,0.7358,0.1830,0.0766,0.8882,0,0.1000
20,shift,qt,0.9475,0.0258,0.0108,0.1275,0,0.1000
20,shift,norm_cp,0.6540,0.2007,0.0840,0.9142,0,0.1000
20,shift,norm_aci,0.6946,0.1793,0.0750,0.8556,0,0.1000
20,shift,norm_qt,0.9274,0.0357,0.0150,0.2221,0,0.1000
5,test,point,0.3797,0.0133,0.0041,0.9994,1,0.0200
5,test,split_cp,0.9630,0.0009,0.0003,0.9615,1,0.0200
5,test,aci,0.9503,0.0013,0.0004,0.6338,1,0.0200
5,test,aci_reset,0.9639,0.0009,0.0003,0.7278,1,0.0200
5,test,aci_rc,0.9572,0.0009,0.0003,0.9797,1,0.0200
5,test,qt,0.9495,0.0002,0.0001,0.9054,1,0.0200
5,test,norm_cp,0.9558,0.0009,0.0003,0.9836,1,0.0200
5,test,norm_aci,0.9545,0.0015,0.0005,0.9814,1,0.0200
5,test,norm_qt,0.9534,0.0006,0.0002,0.9844,1,0.0200
5,shift,point,0.3964,0.0899,0.0330,0.9937,1,0.0200
5,shift,split_cp,0.8180,0.0525,0.0193,0.9068,1,0.0200
5,shift,aci,0.9493,0.0104,0.0038,0.3776,1,0.0200
5,shift,aci_reset,0.9210,0.0241,0.0089,0.5676,1,0.0200
5,shift,aci_rc,0.8581,0.0348,0.0128,0.9008,1,0.0200
5,shift,qt,0.9495,0.0222,0.0082,0.6019,1,0.0200
5,shift,norm_cp,0.7870,0.0588,0.0216,0.9464,1,0.0200
5,shift,norm_aci,0.8426,0.0407,0.0150,0.9081,1,0.0200
5,shift,norm_qt,0.9230,0.0240,0.0088,0.6729,1,0.0200
10,test,point,0.3693,0.0106,0.0033,0.9994,1,0.0200
10,test,split_cp,0.9548,0.0007,0.0002,0.9492,1,0.0200
10,test,aci,0.9480,0.0012,0.0004,0.3883,1,0.0200
10,test,aci_reset,0.9552,0.0007,0.0002,0.7376,1,0.0200
10,test,aci_rc,0.9506,0.0007,0.0002,0.9626,1,0.0200
10,test,qt,0.9499,0.0002,0.0001,0.8295,1,0.0200
10,test,norm_cp,0.9598,0.0000,0.0000,0.9767,1,0.0200
10,test,norm_aci,0.9374,0.0014,0.0004,0.9569,1,0.0200
10,test,norm_qt,0.9553,0.0002,0.0001,0.9745,1,0.0200
10,shift,point,0.3557,0.1424,0.0556,0.9946,1,0.0200
10,shift,split_cp,0.7734,0.0939,0.0366,0.8919,1,0.0200
10,shift,aci,0.9481,0.0188,0.0073,0.2802,1,0.0200
10,shift,aci_reset,0.8644,0.0589,0.0230,0.6109,1,0.0200
10,shift,aci_rc,0.8104,0.0779,0.0304,0.8509,1,0.0200
10,shift,qt,0.9470,0.0341,0.0133,0.3733,1,0.0200
10,shift,norm_cp,0.7523,0.1028,0.0401,0.9332,1,0.0200
10,shift,norm_aci,0.8033,0.0847,0.0331,0.8254,1,0.0200
10,shift,norm_qt,0.9053,0.0373,0.0146,0.4651,1,0.0200
20,test,point,0.3280,0.0132,0.0042,0.9992,1,0.0200
20,test,split_cp,0.9524,0.0006,0.0002,0.9099,1,0.0200
20,test,aci,0.9522,0.0000,0.0000,0.3793,1,0.0200
20,test,aci_reset,0.9505,0.0006,0.0002,0.8076,1,0.0200
20,test,aci_rc,0.9505,0.0006,0.0002,0.9221,1,0.0200
20,test,qt,0.9476,0.0000,0.0000,0.6093,1,0.0200
20,test,norm_cp,0.9642,0.0000,0.0000,0.9428,1,0.0200
20,test,norm_aci,0.9525,0.0000,0.0000,0.9552,1,0.0200
20,test,norm_qt,0.9628,0.0000,0.0000,0.9485,1,0.0200
20,shift,point,0.2768,0.2309,0.0996,0.9954,1,0.0200
20,shift,split_cp,0.7112,0.1690,0.0729,0.8547,1,0.0200
20,shift,aci,0.9502,0.0294,0.0127,0.1834,1,0.0200
20,shift,aci_reset,0.7518,0.1319,0.0569,0.7623,1,0.0200
20,shift,aci_rc,0.7344,0.1509,0.0651,0.8311,1,0.0200
20,shift,qt,0.9437,0.0383,0.0165,0.1511,1,0.0200
20,shift,norm_cp,0.7089,0.1753,0.0756,0.8730,1,0.0200
20,shift,norm_aci,0.7151,0.1558,0.0672,0.8261,1,0.0200
20,shift,norm_qt,0.8792,0.0634,0.0274,0.3780,1,0.0200
5,test,point,0.3797,0.0133,0.0041,0.9994,1,0.0500
5,test,split_cp,0.9630,0.0009,0.0003,0.9615,1,0.0500
5,test,aci,0.9503,0.0013,0.0004,0.6338,1,0.0500
5,test,aci_reset,0.9639,0.0009,0.0003,0.7278,1,0.0500
5,test,aci_rc,0.9572,0.0009,0.0003,0.9797,1,0.0500
5,test,qt,0.9495,0.0000,0.0000,0.7850,1,0.0500
5,test,norm_cp,0.9558,0.0009,0.0003,0.9836,1,0.0500
5,test,norm_aci,0.9545,0.0015,0.0005,0.9814,1,0.0500
5,test,norm_qt,0.9516,0.0006,0.0002,0.9857,1,0.0500
5,shift,point,0.3964,0.0899,0.0330,0.9937,1,0.0500
5,shift,split_cp,0.8180,0.0525,0.0193,0.9068,1,0.0500
5,shift,aci,0.9493,0.0104,0.0038,0.3776,1,0.0500
5,shift,aci_reset,0.9210,0.0241,0.0089,0.5676,1,0.0500
5,shift,aci_rc,0.8581,0.0348,0.0128,0.9008,1,0.0500
5,shift,qt,0.9494,0.0169,0.0062,0.5241,1,0.0500
5,shift,norm_cp,0.7870,0.0588,0.0216,0.9464,1,0.0500
5,shift,norm_aci,0.8426,0.0407,0.0150,0.9081,1,0.0500
5,shift,norm_qt,0.9344,0.0185,0.0068,0.5959,1,0.0500
10,test,point,0.3693,0.0106,0.0033,0.9994,1,0.0500
10,test,split_cp,0.9548,0.0007,0.0002,0.9492,1,0.0500
10,test,aci,0.9480,0.0012,0.0004,0.3883,1,0.0500
10,test,aci_reset,0.9552,0.0007,0.0002,0.7376,1,0.0500
10,test,aci_rc,0.9506,0.0007,0.0002,0.9626,1,0.0500
10,test,qt,0.9497,0.0002,0.0001,0.5983,1,0.0500
10,test,norm_cp,0.9598,0.0000,0.0000,0.9767,1,0.0500
10,test,norm_aci,0.9374,0.0014,0.0004,0.9569,1,0.0500
10,test,norm_qt,0.9528,0.0002,0.0001,0.9720,1,0.0500
10,shift,point,0.3557,0.1424,0.0556,0.9946,1,0.0500
10,shift,split_cp,0.7734,0.0939,0.0366,0.8919,1,0.0500
10,shift,aci,0.9481,0.0188,0.0073,0.2802,1,0.0500
10,shift,aci_reset,0.8644,0.0589,0.0230,0.6109,1,0.0500
10,shift,aci_rc,0.8104,0.0779,0.0304,0.8509,1,0.0500
10,shift,qt,0.9482,0.0202,0.0079,0.3095,1,0.0500
10,shift,norm_cp,0.7523,0.1028,0.0401,0.9332,1,0.0500
10,shift,norm_aci,0.8033,0.0847,0.0331,0.8254,1,0.0500
10,shift,norm_qt,0.9245,0.0247,0.0096,0.2922,1,0.0500
20,test,point,0.3280,0.0132,0.0042,0.9992,1,0.0500
20,test,split_cp,0.9524,0.0006,0.0002,0.9099,1,0.0500
20,test,aci,0.9522,0.0000,0.0000,0.3793,1,0.0500
20,test,aci_reset,0.9505,0.0006,0.0002,0.8076,1,0.0500
20,test,aci_rc,0.9505,0.0006,0.0002,0.9221,1,0.0500
20,test,qt,0.9490,0.0000,0.0000,0.2871,1,0.0500
20,test,norm_cp,0.9642,0.0000,0.0000,0.9428,1,0.0500
20,test,norm_aci,0.9525,0.0000,0.0000,0.9552,1,0.0500
20,test,norm_qt,0.9590,0.0000,0.0000,0.9498,1,0.0500
20,shift,point,0.2768,0.2309,0.0996,0.9954,1,0.0500
20,shift,split_cp,0.7112,0.1690,0.0729,0.8547,1,0.0500
20,shift,aci,0.9502,0.0294,0.0127,0.1834,1,0.0500
20,shift,aci_reset,0.7518,0.1319,0.0569,0.7623,1,0.0500
20,shift,aci_rc,0.7344,0.1509,0.0651,0.8311,1,0.0500
20,shift,qt,0.9476,0.0309,0.0133,0.1301,1,0.0500
20,shift,norm_cp,0.7089,0.1753,0.0756,0.8730,1,0.0500
20,shift,norm_aci,0.7151,0.1558,0.0672,0.8261,1,0.0500
20,shift,norm_qt,0.9088,0.0390,0.0168,0.1903,1,0.0500
5,test,point,0.3797,0.0133,0.0041,0.9994,1,0.1000
5,test,split_cp,0.9630,0.0009,0.0003,0.9615,1,0.1000
5,test,aci,0.9503,0.0013,0.0004,0.6338,1,0.1000
5,test,aci_reset,0.9639,0.0009,0.0003,0.7278,1,0.1000
5,test,aci_rc,0.9572,0.0009,0.0003,0.9797,1,0.1000
5,test,qt,0.9488,0.0000,0.0000,0.5464,1,0.1000
5,test,norm_cp,0.9558,0.0009,0.0003,0.9836,1,0.1000
5,test,norm_aci,0.9545,0.0015,0.0005,0.9814,1,0.1000
5,test,norm_qt,0.9509,0.0011,0.0003,0.9842,1,0.1000
5,shift,point,0.3964,0.0899,0.0330,0.9937,1,0.1000
5,shift,split_cp,0.8180,0.0525,0.0193,0.9068,1,0.1000
5,shift,aci,0.9493,0.0104,0.0038,0.3776,1,0.1000
5,shift,aci_reset,0.9210,0.0241,0.0089,0.5676,1,0.1000
5,shift,aci_rc,0.8581,0.0348,0.0128,0.9008,1,0.1000
5,shift,qt,0.9500,0.0199,0.0073,0.3621,1,0.1000
5,shift,norm_cp,0.7870,0.0588,0.0216,0.9464,1,0.1000
5,shift,norm_aci,0.8426,0.0407,0.0150,0.9081,1,0.1000
5,shift,norm_qt,0.9394,0.0155,0.0057,0.5447,1,0.1000
10,test,point,0.3693,0.0106,0.0033,0.9994,1,0.1000
10,test,split_cp,0.9548,0.0007,0.0002,0.9492,1,0.1000
10,test,aci,0.9480,0.0012,0.0004,0.3883,1,0.1000
10,test,aci_reset,0.9552,0.0007,0.0002,0.7376,1,0.1000
10,test,aci_rc,0.9506,0.0007,0.0002,0.9626,1,0.1000
10,test,qt,0.9477,0.0191,0.0060,0.3847,1,0.1000
10,test,norm_cp,0.9598,0.0000,0.0000,0.9767,1,0.1000
10,test,norm_aci,0.9374,0.0014,0.0004,0.9569,1,0.1000
10,test,norm_qt,0.9507,0.0002,0.0001,0.9661,1,0.1000
10,shift,point,0.3557,0.1424,0.0556,0.9946,1,0.1000
10,shift,split_cp,0.7734,0.0939,0.0366,0.8919,1,0.1000
10,shift,aci,0.9481,0.0188,0.0073,0.2802,1,0.1000
10,shift,aci_reset,0.8644,0.0589,0.0230,0.6109,1,0.1000
10,shift,aci_rc,0.8104,0.0779,0.0304,0.8509,1,0.1000
10,shift,qt,0.9489,0.0136,0.0053,0.1633,1,0.1000
10,shift,norm_cp,0.7523,0.1028,0.0401,0.9332,1,0.1000
10,shift,norm_aci,0.8033,0.0847,0.0331,0.8254,1,0.1000
10,shift,norm_qt,0.9342,0.0186,0.0072,0.2505,1,0.1000
20,test,point,0.3280,0.0132,0.0042,0.9992,1,0.1000
20,test,split_cp,0.9524,0.0006,0.0002,0.9099,1,0.1000
20,test,aci,0.9522,0.0000,0.0000,0.3793,1,0.1000
20,test,aci_reset,0.9505,0.0006,0.0002,0.8076,1,0.1000
20,test,aci_rc,0.9505,0.0006,0.0002,0.9221,1,0.1000
20,test,qt,0.9429,0.0000,0.0000,0.2502,1,0.1000
20,test,norm_cp,0.9642,0.0000,0.0000,0.9428,1,0.1000
20,test,norm_aci,0.9525,0.0000,0.0000,0.9552,1,0.1000
20,test,norm_qt,0.9521,0.0000,0.0000,0.9260,1,0.1000
20,shift,point,0.2768,0.2309,0.0996,0.9954,1,0.1000
20,shift,split_cp,0.7112,0.1690,0.0729,0.8547,1,0.1000
20,shift,aci,0.9502,0.0294,0.0127,0.1834,1,0.1000
20,shift,aci_reset,0.7518,0.1319,0.0569,0.7623,1,0.1000
20,shift,aci_rc,0.7344,0.1509,0.0651,0.8311,1,0.1000
20,shift,qt,0.9495,0.0207,0.0089,0.1332,1,0.1000
20,shift,norm_cp,0.7089,0.1753,0.0756,0.8730,1,0.1000
20,shift,norm_aci,0.7151,0.1558,0.0672,0.8261,1,0.1000
20,shift,norm_qt,0.9250,0.0289,0.0125,0.1378,1,0.1000
5,test,point,0.5619,0.0255,0.0083,0.9971,2,0.0200
5,test,split_cp,0.9413,0.0103,0.0034,0.9362,2,0.0200
5,test,aci,0.9500,0.0136,0.0044,0.6363,2,0.0200
5,test,aci_reset,0.9670,0.0085,0.0028,0.6872,2,0.0200
5,test,aci_rc,0.9536,0.0093,0.0030,0.9588,2,0.0200
5,test,qt,0.9498,0.0121,0.0040,0.8947,2,0.0200
5,test,norm_cp,0.9583,0.0119,0.0039,0.9706,2,0.0200
5,test,norm_aci,0.9515,0.0123,0.0040,0.9667,2,0.0200
5,test,norm_qt,0.9517,0.0109,0.0036,0.9702,2,0.0200
5,shift,point,0.4210,0.0818,0.0299,0.9710,2,0.0200
5,shift,split_cp,0.7233,0.0638,0.0233,0.9272,2,0.0200
5,shift,aci,0.9498,0.0099,0.0036,0.3027,2,0.0200
5,shift,aci_reset,0.9246,0.0181,0.0066,0.5403,2,0.0200
5,shift,aci_rc,0.8301,0.0428,0.0157,0.9055,2,0.0200
5,shift,qt,0.9489,0.0270,0.0099,0.5921,2,0.0200
5,shift,norm_cp,0.7195,0.0688,0.0252,0.9495,2,0.0200
5,shift,norm_aci,0.8273,0.0465,0.0170,0.9175,2,0.0200
5,shift,norm_qt,0.9178,0.0412,0.0151,0.6955,2,0.0200
10,test,point,0.5496,0.0326,0.0111,0.9968,2,0.0200
10,test,split_cp,0.9460,0.0136,0.0046,0.9219,2,0.0200
10,test,aci,0.9504,0.0134,0.0046,0.4798,2,0.0200
10,test,aci_reset,0.9593,0.0140,0.0048,0.7208,2,0.0200
10,test,aci_rc,0.9461,0.0140,0.0048,0.9497,2,0.0200
10,test,qt,0.9497,0.0149,0.0051,0.7609,2,0.0200
10,test,norm_cp,0.9607,0.0132,0.0045,0.9618,2,0.0200
10,test,norm_aci,0.9436,0.0156,0.0053,0.9573,2,0.0200
10,test,norm_qt,0.9549,0.0138,0.0047,0.9613,2,0.0200
10,shift,point,0.3754,0.1336,0.0522,0.9726,2,0.0200
10,shift,split_cp,0.7072,0.1072,0.0418,0.9205,2,0.0200
10,shift,aci,0.9489,0.0148,0.0058,0.2072,2,0.0200
10,shift,aci_reset,0.8551,0.0492,0.0192,0.6060,2,0.0200
10,shift,aci_rc,0.7737,0.0959,0.0374,0.8930,2,0.0200
10,shift,qt,0.9488,0.0311,0.0121,0.3797,2,0.0200
10,shift,norm_cp,0.7046,0.1080,0.0422,0.9372,2,0.0200
10,shift,norm_aci,0.7837,0.0950,0.0371,0.9002,2,0.0200
10,shift,norm_qt,0.9051,0.0646,0.0252,0.6094,2,0.0200
20,test,point,0.5410,0.0417,0.0154,0.9957,2,0.0200
20,test,split_cp,0.9428,0.0261,0.0096,0.8954,2,0.0200
20,test,aci,0.9501,0.0159,0.0058,0.2998,2,0.0200
20,test,aci_reset,0.9462,0.0261,0.0096,0.7875,2,0.0200
20,test,aci_rc,0.9422,0.0261,0.0096,0.9045,2,0.0200
20,test,qt,0.9492,0.0097,0.0036,0.5679,2,0.0200
20,test,norm_cp,0.9600,0.0177,0.0065,0.9111,2,0.0200
20,test,norm_aci,0.9584,0.0177,0.0065,0.9178,2,0.0200
20,test,norm_qt,0.9593,0.0174,0.0064,0.9070,2,0.0200
20,shift,point,0.3114,0.2043,0.0883,0.9761,2,0.0200
20,shift,split_cp,0.6843,0.1566,0.0676,0.9159,2,0.0200
20,shift,aci,0.9471,0.0048,0.0021,0.1586,2,0.0200
20,shift,aci_reset,0.7530,0.1097,0.0474,0.8002,2,0.0200
20,shift,aci_rc,0.7117,0.1407,0.0608,0.9019,2,0.0200
20,shift,qt,0.9453,0.0261,0.0113,0.2100,2,0.0200
20,shift,norm_cp,0.6997,0.1425,0.0616,0.9048,2,0.0200
20,shift,norm_aci,0.7057,0.1389,0.0600,0.8971,2,0.0200
20,shift,norm_qt,0.8758,0.0686,0.0296,0.4293,2,0.0200
5,test,point,0.5619,0.0255,0.0083,0.9971,2,0.0500
5,test,split_cp,0.9413,0.0103,0.0034,0.9362,2,0.0500
5,test,aci,0.9500,0.0136,0.0044,0.6363,2,0.0500
5,test,aci_reset,0.9670,0.0085,0.0028,0.6872,2,0.0500
5,test,aci_rc,0.9536,0.0093,0.0030,0.9588,2,0.0500
5,test,qt,0.9501,0.0125,0.0041,0.7430,2,0.0500
5,test,norm_cp,0.9583,0.0119,0.0039,0.9706,2,0.0500
5,test,norm_aci,0.9515,0.0123,0.0040,0.9667,2,0.0500
5,test,norm_qt,0.9510,0.0129,0.0042,0.9765,2,0.0500
5,shift,point,0.4210,0.0818,0.0299,0.9710,2,0.0500
5,shift,split_cp,0.7233,0.0638,0.0233,0.9272,2,0.0500
5,shift,aci,0.9498,0.0099,0.0036,0.3027,2,0.0500
5,shift,aci_reset,0.9246,0.0181,0.0066,0.5403,2,0.0500
5,shift,aci_rc,0.8301,0.0428,0.0157,0.9055,2,0.0500
5,shift,qt,0.9489,0.0240,0.0088,0.5193,2,0.0500
5,shift,norm_cp,0.7195,0.0688,0.0252,0.9495,2,0.0500
5,shift,norm_aci,0.8273,0.0465,0.0170,0.9175,2,0.0500
5,shift,norm_qt,0.9374,0.0317,0.0116,0.5986,2,0.0500
10,test,point,0.5496,0.0326,0.0111,0.9968,2,0.0500
10,test,split_cp,0.9460,0.0136,0.0046,0.9219,2,0.0500
10,test,aci,0.9504,0.0134,0.0046,0.4798,2,0.0500
10,test,aci_reset,0.9593,0.0140,0.0048,0.7208,2,0.0500
10,test,aci_rc,0.9461,0.0140,0.0048,0.9497,2,0.0500
10,test,qt,0.9483,0.0022,0.0007,0.4455,2,0.0500
10,test,norm_cp,0.9607,0.0132,0.0045,0.9618,2,0.0500
10,test,norm_aci,0.9436,0.0156,0.0053,0.9573,2,0.0500
10,test,norm_qt,0.9524,0.0127,0.0043,0.9544,2,0.0500
10,shift,point,0.3754,0.1336,0.0522,0.9726,2,0.0500
10,shift,split_cp,0.7072,0.1072,0.0418,0.9205,2,0.0500
10,shift,aci,0.9489,0.0148,0.0058,0.2072,2,0.0500
10,shift,aci_reset,0.8551,0.0492,0.0192,0.6060,2,0.0500
10,shift,aci_rc,0.7737,0.0959,0.0374,0.8930,2,0.0500
10,shift,qt,0.9491,0.0209,0.0082,0.2645,2,0.0500
10,shift,norm_cp,0.7046,0.1080,0.0422,0.9372,2,0.0500
10,shift,norm_aci,0.7837,0.0950,0.0371,0.9002,2,0.0500
10,shift,norm_qt,0.9291,0.0556,0.0217,0.5185,2,0.0500
20,test,point,0.5410,0.0417,0.0154,0.9957,2,0.0500
20,test,split_cp,0.9428,0.0261,0.0096,0.8954,2,0.0500
20,test,aci,0.9501,0.0159,0.0058,0.2998,2,0.0500
20,test,aci_reset,0.9462,0.0261,0.0096,0.7875,2,0.0500
20,test,aci_rc,0.9422,0.0261,0.0096,0.9045,2,0.0500
20,test,qt,0.9463,0.0251,0.0092,0.2578,2,0.0500
20,test,norm_cp,0.9600,0.0177,0.0065,0.9111,2,0.0500
20,test,norm_aci,0.9584,0.0177,0.0065,0.9178,2,0.0500
20,test,norm_qt,0.9576,0.0153,0.0057,0.8970,2,0.0500
20,shift,point,0.3114,0.2043,0.0883,0.9761,2,0.0500
20,shift,split_cp,0.6843,0.1566,0.0676,0.9159,2,0.0500
20,shift,aci,0.9471,0.0048,0.0021,0.1586,2,0.0500
20,shift,aci_reset,0.7530,0.1097,0.0474,0.8002,2,0.0500
20,shift,aci_rc,0.7117,0.1407,0.0608,0.9019,2,0.0500
20,shift,qt,0.9485,0.0131,0.0057,0.1258,2,0.0500
20,shift,norm_cp,0.6997,0.1425,0.0616,0.9048,2,0.0500
20,shift,norm_aci,0.7057,0.1389,0.0600,0.8971,2,0.0500
20,shift,norm_qt,0.9141,0.0472,0.0204,0.2895,2,0.0500
5,test,point,0.5619,0.0255,0.0083,0.9971,2,0.1000
5,test,split_cp,0.9413,0.0103,0.0034,0.9362,2,0.1000
5,test,aci,0.9500,0.0136,0.0044,0.6363,2,0.1000
5,test,aci_reset,0.9670,0.0085,0.0028,0.6872,2,0.1000
5,test,aci_rc,0.9536,0.0093,0.0030,0.9588,2,0.1000
5,test,qt,0.9494,0.0146,0.0048,0.4525,2,0.1000
5,test,norm_cp,0.9583,0.0119,0.0039,0.9706,2,0.1000
5,test,norm_aci,0.9515,0.0123,0.0040,0.9667,2,0.1000
5,test,norm_qt,0.9505,0.0138,0.0045,0.9716,2,0.1000
5,shift,point,0.4210,0.0818,0.0299,0.9710,2,0.1000
5,shift,split_cp,0.7233,0.0638,0.0233,0.9272,2,0.1000
5,shift,aci,0.9498,0.0099,0.0036,0.3027,2,0.1000
5,shift,aci_reset,0.9246,0.0181,0.0066,0.5403,2,0.1000
5,shift,aci_rc,0.8301,0.0428,0.0157,0.9055,2,0.1000
5,shift,qt,0.9494,0.0135,0.0049,0.3674,2,0.1000
5,shift,norm_cp,0.7195,0.0688,0.0252,0.9495,2,0.1000
5,shift,norm_aci,0.8273,0.0465,0.0170,0.9175,2,0.1000
5,shift,norm_qt,0.9446,0.0268,0.0098,0.5665,2,0.1000
10,test,point,0.5496,0.0326,0.0111,0.9968,2,0.1000
10,test,split_cp,0.9460,0.0136,0.0046,0.9219,2,0.1000
10,test,aci,0.9504,0.0134,0.0046,0.4798,2,0.1000
10,test,aci_reset,0.9593,0.0140,0.0048,0.7208,2,0.1000
10,test,aci_rc,0.9461,0.0140,0.0048,0.9497,2,0.1000
10,test,qt,0.9488,0.0253,0.0086,0.1742,2,0.1000
10,test,norm_cp,0.9607,0.0132,0.0045,0.9618,2,0.1000
10,test,norm_aci,0.9436,0.0156,0.0053,0.9573,2,0.1000
10,test,norm_qt,0.9515,0.0130,0.0044,0.9404,2,0.1000
10,shift,point,0.3754,0.1336,0.0522,0.9726,2,0.1000
10,shift,split_cp,0.7072,0.1072,0.0418,0.9205,2,0.1000
10,shift,aci,0.9489,0.0148,0.0058,0.2072,2,0.1000
10,shift,aci_reset,0.8551,0.0492,0.0192,0.6060,2,0.1000
10,shift,aci_rc,0.7737,0.0959,0.0374,0.8930,2,0.1000
10,shift,qt,0.9487,0.0165,0.0064,0.2019,2,0.1000
10,shift,norm_cp,0.7046,0.1080,0.0422,0.9372,2,0.1000
10,shift,norm_aci,0.7837,0.0950,0.0371,0.9002,2,0.1000
10,shift,norm_qt,0.9396,0.0447,0.0175,0.4422,2,0.1000
20,test,point,0.5410,0.0417,0.0154,0.9957,2,0.1000
20,test,split_cp,0.9428,0.0261,0.0096,0.8954,2,0.1000
20,test,aci,0.9501,0.0159,0.0058,0.2998,2,0.1000
20,test,aci_reset,0.9462,0.0261,0.0096,0.7875,2,0.1000
20,test,aci_rc,0.9422,0.0261,0.0096,0.9045,2,0.1000
20,test,qt,0.9490,0.0197,0.0073,0.2173,2,0.1000
20,test,norm_cp,0.9600,0.0177,0.0065,0.9111,2,0.1000
20,test,norm_aci,0.9584,0.0177,0.0065,0.9178,2,0.1000
20,test,norm_qt,0.9525,0.0151,0.0056,0.8658,2,0.1000
20,shift,point,0.3114,0.2043,0.0883,0.9761,2,0.1000
20,shift,split_cp,0.6843,0.1566,0.0676,0.9159,2,0.1000
20,shift,aci,0.9471,0.0048,0.0021,0.1586,2,0.1000
20,shift,aci_reset,0.7530,0.1097,0.0474,0.8002,2,0.1000
20,shift,aci_rc,0.7117,0.1407,0.0608,0.9019,2,0.1000
20,shift,qt,0.9492,0.0235,0.0101,0.1115,2,0.1000
20,shift,norm_cp,0.6997,0.1425,0.0616,0.9048,2,0.1000
20,shift,norm_aci,0.7057,0.1389,0.0600,0.8971,2,0.1000
20,shift,norm_qt,0.9294,0.0297,0.0128,0.2127,2,0.1000
