eta,split,H_min,method,coverage_mean,coverage_std,missed_danger_mean,missed_danger_std,usable_mean,usable_std
0.0200,shift,5,aci,0.9498,0.0005,0.0095,0.0012,0.3325,0.0397
0.0200,shift,5,aci_rc,0.8520,0.0196,0.0388,0.0040,0.9131,0.0175
0.0200,shift,5,aci_reset,0.9243,0.0031,0.0215,0.0031,0.5499,0.0153
0.0200,shift,5,norm_aci,0.8452,0.0193,0.0415,0.0047,0.9138,0.0050
0.0200,shift,5,norm_cp,0.7651,0.0395,0.0597,0.0087,0.9513,0.0061
0.0200,shift,5,norm_qt,0.9239,0.0066,0.0295,0.0101,0.6966,0.0243
0.0200,shift,5,point,0.4130,0.0143,0.0893,0.0072,0.9852,0.0124
0.0200,shift,5,qt,0.9488,0.0008,0.0250,0.0025,0.6116,0.0258
0.0200,shift,5,split_cp,0.7774,0.0488,0.0596,0.0062,0.9312,0.0267
0.0200,shift,10,aci,0.9487,0.0005,0.0180,0.0029,0.2284,0.0451
0.0200,shift,10,aci_rc,0.7988,0.0218,0.0854,0.0094,0.8831,0.0285
0.0200,shift,10,aci_reset,0.8626,0.0068,0.0559,0.0058,0.6103,0.0040
0.0200,shift,10,norm_aci,0.8026,0.0185,0.0882,0.0059,0.8603,0.0376
0.0200,shift,10,norm_cp,0.7348,0.0262,0.1065,0.0032,0.9418,0.0115
0.0200,shift,10,norm_qt,0.9080,0.0048,0.0522,0.0138,0.5306,0.0731
0.0200,shift,10,point,0.3722,0.0152,0.1393,0.0049,0.9863,0.0120
0.0200,shift,10,qt,0.9473,0.0014,0.0322,0.0017,0.3940,0.0305
0.0200,shift,10,split_cp,0.7466,0.0349,0.1057,0.0111,0.9214,0.0300
0.0200,shift,20,aci,0.9486,0.0016,0.0144,0.0132,0.1710,0.0124
0.0200,shift,20,aci_rc,0.7273,0.0135,0.1582,0.0221,0.8737,0.0376
0.0200,shift,20,aci_reset,0.7548,0.0041,0.1326,0.0232,0.7793,0.0192
0.0200,shift,20,norm_aci,0.7051,0.0103,0.1580,0.0203,0.8596,0.0357
0.0200,shift,20,norm_cp,0.6875,0.0294,0.1728,0.0292,0.8973,0.0216
0.0200,shift,20,norm_qt,0.8762,0.0029,0.0739,0.0139,0.4231,0.0423
0.0200,shift,20,point,0.3002,0.0203,0.2235,0.0168,0.9877,0.0102
0.0200,shift,20,qt,0.9441,0.0011,0.0337,0.0066,0.2043,0.0506
0.0200,shift,20,split_cp,0.6987,0.0136,0.1735,0.0196,0.8950,0.0349
0.0200,test,5,aci,0.9500,0.0003,0.0057,0.0069,0.6556,0.0356
0.0200,test,5,aci_rc,0.9567,0.0028,0.0057,0.0043,0.9707,0.0107
0.0200,test,5,aci_reset,0.9660,0.0018,0.0050,0.0038,0.7205,0.0303
0.0200,test,5,norm_aci,0.9546,0.0032,0.0068,0.0054,0.9710,0.0091
0.0200,test,5,norm_cp,0.9561,0.0020,0.0062,0.0055,0.9738,0.0086
0.0200,test,5,norm_qt,0.9527,0.0009,0.0054,0.0052,0.9716,0.0122
0.0200,test,5,point,0.4745,0.0913,0.0195,0.0061,0.9970,0.0024
0.0200,test,5,qt,0.9497,0.0002,0.0063,0.0060,0.9002,0.0054
0.0200,test,5,split_cp,0.9545,0.0116,0.0051,0.0048,0.9504,0.0129
0.0200,test,10,aci,0.9487,0.0015,0.0061,0.0064,0.4903,0.1077
0.0200,test,10,aci_rc,0.9501,0.0037,0.0106,0.0087,0.9535,0.0080
0.0200,test,10,aci_reset,0.9592,0.0040,0.0106,0.0087,0.7337,0.0115
0.0200,test,10,norm_aci,0.9429,0.0052,0.0110,0.0083,0.9531,0.0069
0.0200,test,10,norm_cp,0.9562,0.0070,0.0095,0.0083,0.9679,0.0078
0.0200,test,10,norm_qt,0.9539,0.0021,0.0088,0.0075,0.9596,0.0158
0.0200,test,10,point,0.4641,0.0905,0.0245,0.0121,0.9957,0.0043
0.0200,test,10,qt,0.9497,0.0002,0.0057,0.0080,0.7927,0.0346
0.0200,test,10,split_cp,0.9526,0.0058,0.0071,0.0065,0.9362,0.0137
0.0200,test,20,aci,0.9509,0.0011,0.0073,0.0080,0.3165,0.0563
0.0200,test,20,aci_rc,0.9478,0.0049,0.0134,0.0128,0.9170,0.0109
0.0200,test,20,aci_reset,0.9506,0.0045,0.0134,0.0128,0.8115,0.0262
0.0200,test,20,norm_aci,0.9458,0.0169,0.0131,0.0115,0.9401,0.0197
0.0200,test,20,norm_cp,0.9499,0.0213,0.0124,0.0108,0.9334,0.0194
0.0200,test,20,norm_qt,0.9542,0.0120,0.0108,0.0095,0.9187,0.0260
0.0200,test,20,point,0.4401,0.1069,0.0316,0.0160,0.9953,0.0042
0.0200,test,20,qt,0.9487,0.0010,0.0040,0.0051,0.6065,0.0372
0.0200,test,20,split_cp,0.9455,0.0060,0.0097,0.0142,0.9124,0.0183
0.0500,shift,5,aci,0.9498,0.0005,0.0095,0.0012,0.3325,0.0397
0.0500,shift,5,aci_rc,0.8520,0.0196,0.0388,0.0040,0.9131,0.0175
0.0500,shift,5,aci_reset,0.9243,0.0031,0.0215,0.0031,0.5499,0.0153
0.0500,shift,5,norm_aci,0.8452,0.0193,0.0415,0.0047,0.9138,0.0050
0.0500,shift,5,norm_cp,0.7651,0.0395,0.0597,0.0087,0.9513,0.0061
0.0500,shift,5,norm_qt,0.9377,0.0034,0.0232,0.0073,0.6174,0.0349
0.0500,shift,5,point,0.4130,0.0143,0.0893,0.0072,0.9852,0.0124
0.0500,shift,5,qt,0.9492,0.0003,0.0214,0.0039,0.5247,0.0057
0.0500,shift,5,split_cp,0.7774,0.0488,0.0596,0.0062,0.9312,0.0267
0.0500,shift,10,aci,0.9487,0.0005,0.0180,0.0029,0.2284,0.0451
0.0500,shift,10,aci_rc,0.7988,0.0218,0.0854,0.0094,0.8831,0.0285
0.0500,shift,10,aci_reset,0.8626,0.0068,0.0559,0.0058,0.6103,0.0040
0.0500,shift,10,norm_aci,0.8026,0.0185,0.0882,0.0059,0.8603,0.0376
0.0500,shift,10,norm_cp,0.7348,0.0262,0.1065,0.0032,0.9418,0.0115
0.0500,shift,10,norm_qt,0.9289,0.0043,0.0418,0.0157,0.4185,0.1154
0.0500,shift,10,point,0.3722,0.0152,0.1393,0.0049,0.9863,0.0120
0.0500,shift,10,qt,0.9487,0.0005,0.0267,0.0107,0.3075,0.0420
0.0500,shift,10,split_cp,0.7466,0.0349,0.1057,0.0111,0.9214,0.0300
0.0500,shift,20,aci,0.9486,0.0016,0.0144,0.0132,0.1710,0.0124
0.0500,shift,20,aci_rc,0.7273,0.0135,0.1582,0.0221,0.8737,0.0376
0.0500,shift,20,aci_reset,0.7548,0.0041,0.1326,0.0232,0.7793,0.0192
0.0500,shift,20,norm_aci,0.7051,0.0103,0.1580,0.0203,0.8596,0.0357
0.0500,shift,20,norm_cp,0.6875,0.0294,0.1728,0.0292,0.8973,0.0216
0.0500,shift,20,norm_qt,0.9105,0.0031,0.0460,0.0064,0.2642,0.0651
0.0500,shift,20,point,0.3002,0.0203,0.2235,0.0168,0.9877,0.0102
0.0500,shift,20,qt,0.9470,0.0018,0.0263,0.0116,0.1368,0.0155
0.0500,shift,20,split_cp,0.6987,0.0136,0.1735,0.0196,0.8950,0.0349
0.0500,test,5,aci,0.9500,0.0003,0.0057,0.0069,0.6556,0.0356
0.0500,test,5,aci_rc,0.9567,0.0028,0.0057,0.0043,0.9707,0.0107
0.0500,test,5,aci_reset,0.9660,0.0018,0.0050,0.0038,0.7205,0.0303
0.0500,test,5,norm_aci,0.9546,0.0032,0.0068,0.0054,0.9710,0.0091
0.0500,test,5,norm_cp,0.9561,0.0020,0.0062,0.0055,0.9738,0.0086
0.0500,test,5,norm_qt,0.9516,0.0006,0.0054,0.0066,0.9725,0.0155
0.0500,test,5,point,0.4745,0.0913,0.0195,0.0061,0.9970,0.0024
0.0500,test,5,qt,0.9499,0.0003,0.0043,0.0071,0.7653,0.0211
0.0500,test,5,split_cp,0.9545,0.0116,0.0051,0.0048,0.9504,0.0129
0.0500,test,10,aci,0.9487,0.0015,0.0061,0.0064,0.4903,0.1077
0.0500,test,10,aci_rc,0.9501,0.0037,0.0106,0.0087,0.9535,0.0080
0.0500,test,10,aci_reset,0.9592,0.0040,0.0106,0.0087,0.7337,0.0115
0.0500,test,10,norm_aci,0.9429,0.0052,0.0110,0.0083,0.9531,0.0069
0.0500,test,10,norm_cp,0.9562,0.0070,0.0095,0.0083,0.9679,0.0078
0.0500,test,10,norm_qt,0.9523,0.0006,0.0056,0.0064,0.9501,0.0244
0.0500,test,10,point,0.4641,0.0905,0.0245,0.0121,0.9957,0.0043
0.0500,test,10,qt,0.9486,0.0010,0.0015,0.0011,0.5401,0.0827
0.0500,test,10,split_cp,0.9526,0.0058,0.0071,0.0065,0.9362,0.0137
0.0500,test,20,aci,0.9509,0.0011,0.0073,0.0080,0.3165,0.0563
0.0500,test,20,aci_rc,0.9478,0.0049,0.0134,0.0128,0.9170,0.0109
0.0500,test,20,aci_reset,0.9506,0.0045,0.0134,0.0128,0.8115,0.0262
0.0500,test,20,norm_aci,0.9458,0.0169,0.0131,0.0115,0.9401,0.0197
0.0500,test,20,norm_cp,0.9499,0.0213,0.0124,0.0108,0.9334,0.0194
0.0500,test,20,norm_qt,0.9535,0.0083,0.0069,0.0078,0.9003,0.0479
0.0500,test,20,point,0.4401,0.1069,0.0316,0.0160,0.9953,0.0042
0.0500,test,20,qt,0.9482,0.0017,0.0093,0.0138,0.3107,0.0679
0.0500,test,20,split_cp,0.9455,0.0060,0.0097,0.0142,0.9124,0.0183
0.1000,shift,5,aci,0.9498,0.0005,0.0095,0.0012,0.3325,0.0397
0.1000,shift,5,aci_rc,0.8520,0.0196,0.0388,0.0040,0.9131,0.0175
0.1000,shift,5,aci_reset,0.9243,0.0031,0.0215,0.0031,0.5499,0.0153
0.1000,shift,5,norm_aci,0.8452,0.0193,0.0415,0.0047,0.9138,0.0050
0.1000,shift,5,norm_cp,0.7651,0.0395,0.0597,0.0087,0.9513,0.0061
0.1000,shift,5,norm_qt,0.9429,0.0030,0.0206,0.0057,0.5822,0.0473
0.1000,shift,5,point,0.4130,0.0143,0.0893,0.0072,0.9852,0.0124
0.1000,shift,5,qt,0.9498,0.0003,0.0176,0.0035,0.3782,0.0234
0.1000,shift,5,split_cp,0.7774,0.0488,0.0596,0.0062,0.9312,0.0267
0.1000,shift,10,aci,0.9487,0.0005,0.0180,0.0029,0.2284,0.0451
0.1000,shift,10,aci_rc,0.7988,0.0218,0.0854,0.0094,0.8831,0.0285
0.1000,shift,10,aci_reset,0.8626,0.0068,0.0559,0.0058,0.6103,0.0040
0.1000,shift,10,norm_aci,0.8026,0.0185,0.0882,0.0059,0.8603,0.0376
0.1000,shift,10,norm_cp,0.7348,0.0262,0.1065,0.0032,0.9418,0.0115
0.1000,shift,10,norm_qt,0.9383,0.0036,0.0348,0.0142,0.3650,0.1011
0.1000,shift,10,point,0.3722,0.0152,0.1393,0.0049,0.9863,0.0120
0.1000,shift,10,qt,0.9487,0.0002,0.0190,0.0069,0.1857,0.0200
0.1000,shift,10,split_cp,0.7466,0.0349,0.1057,0.0111,0.9214,0.0300
0.1000,shift,20,aci,0.9486,0.0016,0.0144,0.0132,0.1710,0.0124
0.1000,shift,20,aci_rc,0.7273,0.0135,0.1582,0.0221,0.8737,0.0376
0.1000,shift,20,aci_reset,0.7548,0.0041,0.1326,0.0232,0.7793,0.0192
0.1000,shift,20,norm_aci,0.7051,0.0103,0.1580,0.0203,0.8596,0.0357
0.1000,shift,20,norm_cp,0.6875,0.0294,0.1728,0.0292,0.8973,0.0216
0.1000,shift,20,norm_qt,0.9273,0.0022,0.0314,0.0037,0.1909,0.0462
0.1000,shift,20,point,0.3002,0.0203,0.2235,0.0168,0.9877,0.0102
0.1000,shift,20,qt,0.9487,0.0011,0.0233,0.0026,0.1241,0.0113
0.1000,shift,20,split_cp,0.6987,0.0136,0.1735,0.0196,0.8950,0.0349
0.1000,test,5,aci,0.9500,0.0003,0.0057,0.0069,0.6556,0.0356
0.1000,test,5,aci_rc,0.9567,0.0028,0.0057,0.0043,0.9707,0.0107
0.1000,test,5,aci_reset,0.9660,0.0018,0.0050,0.0038,0.7205,0.0303
0.1000,test,5,norm_aci,0.9546,0.0032,0.0068,0.0054,0.9710,0.0091
0.1000,test,5,norm_cp,0.9561,0.0020,0.0062,0.0055,0.9738,0.0086
0.1000,test,5,norm_qt,0.9509,0.0005,0.0057,0.0071,0.9691,0.0165
0.1000,test,5,point,0.4745,0.0913,0.0195,0.0061,0.9970,0.0024
0.1000,test,5,qt,0.9489,0.0005,0.0090,0.0079,0.5182,0.0571
0.1000,test,5,split_cp,0.9545,0.0116,0.0051,0.0048,0.9504,0.0129
0.1000,test,10,aci,0.9487,0.0015,0.0061,0.0064,0.4903,0.1077
0.1000,test,10,aci_rc,0.9501,0.0037,0.0106,0.0087,0.9535,0.0080
0.1000,test,10,aci_reset,0.9592,0.0040,0.0106,0.0087,0.7337,0.0115
0.1000,test,10,norm_aci,0.9429,0.0052,0.0110,0.0083,0.9531,0.0069
0.1000,test,10,norm_cp,0.9562,0.0070,0.0095,0.0083,0.9679,0.0078
0.1000,test,10,norm_qt,0.9509,0.0006,0.0051,0.0069,0.9401,0.0262
0.1000,test,10,point,0.4641,0.0905,0.0245,0.0121,0.9957,0.0043
0.1000,test,10,qt,0.9482,0.0006,0.0162,0.0108,0.2861,0.1059
0.1000,test,10,split_cp,0.9526,0.0058,0.0071,0.0065,0.9362,0.0137
0.1000,test,20,aci,0.9509,0.0011,0.0073,0.0080,0.3165,0.0563
0.1000,test,20,aci_rc,0.9478,0.0049,0.0134,0.0128,0.9170,0.0109
0.1000,test,20,aci_reset,0.9506,0.0045,0.0134,0.0128,0.8115,0.0262
0.1000,test,20,norm_aci,0.9458,0.0169,0.0131,0.0115,0.9401,0.0197
0.1000,test,20,norm_cp,0.9499,0.0213,0.0124,0.0108,0.9334,0.0194
0.1000,test,20,norm_qt,0.9513,0.0018,0.0058,0.0081,0.8793,0.0416
0.1000,test,20,point,0.4401,0.1069,0.0316,0.0160,0.9953,0.0042
0.1000,test,20,qt,0.9456,0.0031,0.0074,0.0107,0.2716,0.0676
0.1000,test,20,split_cp,0.9455,0.0060,0.0097,0.0142,0.9124,0.0183
